structure_id,chain_id,res_seq,res_name,aa1,phi,psi,chi1,chi1_bin,chi1_centroid,chi2,chi2_bin,ca_x,ca_y,ca_z,atom_count,has_chi1_atoms,has_chi2_atoms
1L2Y,A,1,ASN,N,,-56.14,-67.63,g-,-60.0,-3.78,g-,-8.608,3.135,-1.618,16,True,True
1L2Y,A,2,LEU,L,-43.98,-51.31,52.88,g+,60.0,106.91,g+,-4.923,4.002,-2.452,19,True,True
1L2Y,A,3,TYR,Y,-66.47,-30.9,-148.59,t,180.0,-85.19,g-,-3.69,2.738,0.981,21,True,True
1L2Y,A,4,ILE,I,-65.22,-45.94,-44.72,g-,-60.0,-55.71,g-,-5.857,-0.449,0.613,19,True,True
1L2Y,A,5,GLN,Q,-64.75,-30.35,-146.48,t,180.0,80.77,g+,-4.122,-1.167,-2.743,17,True,True
1L2Y,A,6,TRP,W,-73.14,-43.42,178.57,t,180.0,78.6,g+,-0.716,-0.631,-0.993,24,True,True
1L2Y,A,7,LEU,L,-64.88,-43.25,-76.21,g-,-60.0,176.47,t,-1.641,-2.932,1.963,19,True,True
1L2Y,A,8,LYS,K,-59.51,-25.7,75.65,g+,60.0,99.36,g+,-3.024,-5.791,-0.269,22,True,True
1L2Y,A,9,ASP,D,-77.99,-8.82,-92.98,g-,-60.0,52.09,g+,0.466,-6.016,-1.905,12,True,True
1L2Y,A,10,GLY,G,110.78,8.08,,,,,,2.06,-6.618,1.593,7,False,False
1L2Y,A,11,GLY,G,55.24,-124.37,,,,,,2.626,-2.967,2.723,7,False,False
1L2Y,A,12,PRO,P,-57.98,-28.77,-18.96,g-,-60.0,,,6.333,-2.533,3.806,14,True,False
1L2Y,A,13,SER,S,-81.83,19.13,-61.14,g-,-60.0,,,7.049,-6.179,2.704,11,True,False
1L2Y,A,14,SER,S,-124.06,13.4,-144.05,t,180.0,,,6.389,-5.315,-1.015,11,True,False
1L2Y,A,15,GLY,G,67.93,25.22,,,,,,9.451,-3.116,-1.87,7,False,False
1L2Y,A,16,ARG,R,-143.95,131.3,59.11,g+,60.0,-175.49,t,7.289,0.084,-2.054,24,True,True
1L2Y,A,17,PRO,P,-70.1,160.07,29.92,g+,60.0,,,6.782,3.088,0.345,14,True,False
1L2Y,A,18,PRO,P,-69.48,145.67,27.2,g+,60.0,,,3.287,4.031,1.686,14,True,False
1L2Y,A,19,PRO,P,-77.26,124.22,32.16,g+,60.0,,,1.185,6.543,-0.353,14,True,False
1L2Y,A,20,SER,S,-78.1,,-60.44,g-,-60.0,,,0.852,10.027,1.285,12,True,False
